{
    "_id" : ObjectId("63c4bd044c9ef339c78912bc"),
    "ma_kho" : "Kho001",
    "ten_kho" : "Kho Ninh Kieu",
    "lienhe" : "Nguyen Chi Thanh",
    "diachi" : "Mau Than-Ninh Kieu-Tp Can Tho",
    "sdt" : "03471242184",
    "quanly" : "Tran Van Lien",
    "ghichu" : "Hoat dong",
    "ma_nhanvien" : "NV01",
    "sl_nhap" : "30",
    "sl_xuat" : "10"
}
{
    "_id" : ObjectId("63c526709dcbf8781a42e8e5"),
    "ma_kho" : "Kho002",
    "ten_kho" : "Kho Binh Thuy",
    "lienhe" : "Tran Duc Anh",
    "diachi" : "Le Hong Phong-Binh Thuy-Tp Can Tho",
    "sdt" : "03471242112",
    "quanly" : "Ngo Manh Dat",
    "ghichu" : "Hoat dong",
    "ma_nhanvien" : "NV02",
    "sl_nhap" : "20",
    "sl_xuat" : "10"
}
{
    "_id" : ObjectId("63c526ae9dcbf8781a42e8e6"),
    "ma_kho" : "Kho003",
    "ten_kho" : "Kho Cai Rang",
    "lienhe" : "Nguyen Thi Le Chi",
    "diachi" : "Vo Nguyen Giap-Cai Rang-Tp Can Tho",
    "sdt" : "03471241234",
    "quanly" : "Tran Van Hoi",
    "ghichu" : "Chua Hoat dong",
    "ma_nhanvien" : "NV03",
    "sl_nhap" : "150",
    "sl_xuat" : "50"
}
