{
    "_id" : ObjectId("63c37fbd44de10c0d808d692"),
    "migration" : "2014_10_12_000000_create_users_table",
    "batch" : NumberInt(1)
}
{
    "_id" : ObjectId("63c37fbd44de10c0d808d693"),
    "migration" : "2014_10_12_100000_create_password_resets_table",
    "batch" : NumberInt(1)
}
{
    "_id" : ObjectId("63c37fbd44de10c0d808d694"),
    "migration" : "2019_08_19_000000_create_failed_jobs_table",
    "batch" : NumberInt(1)
}
{
    "_id" : ObjectId("63c37fbd44de10c0d808d695"),
    "migration" : "2019_12_14_000001_create_personal_access_tokens_table",
    "batch" : NumberInt(1)
}
{
    "_id" : ObjectId("63c37fbd44de10c0d808d696"),
    "migration" : "2023_01_12_120303_create_nguyenlieu_table",
    "batch" : NumberInt(1)
}
{
    "_id" : ObjectId("63c37fbd44de10c0d808d697"),
    "migration" : "2023_01_12_144847_create_phulieu_table",
    "batch" : NumberInt(1)
}
{
    "_id" : ObjectId("63c4b63e9daa8dc6740b7732"),
    "migration" : "2023_01_16_021959_create_kho_table",
    "batch" : NumberInt(2)
}
{
    "_id" : ObjectId("63c6173c1df28bd3d60b6542"),
    "migration" : "2023_01_17_032721_create_nhanvien_table",
    "batch" : NumberInt(3)
}
