{
    "_id" : ObjectId("63c61eb12119096bf9cb96a3"),
    "ma_nhanvien" : "NV01",
    "ten_nhanvien" : "Tran Duc Khai",
    "gioitinh" : "Nam",
    "diachi" : "Binh Thuy",
    "sdt" : "0378181241",
    "created_at" : ISODate("2023-01-17T15:39:43.814+0000"),
    "updated_at" : ISODate("2023-01-18T05:56:14.022+0000")
}
{
    "_id" : ObjectId("63c6c13f6a72228ee9065d59"),
    "ma_nhanvien" : "NV02",
    "ten_nhanvien" : "Le  My Trinh",
    "gioitinh" : "Nu",
    "diachi" : "Tieu Can",
    "sdt" : "0234549941",
    "updated_at" : ISODate("2023-01-18T05:56:14.022+0000"),
    "created_at" : ISODate("2023-01-17T15:39:43.814+0000")
}
{
    "_id" : ObjectId("63c6c1936a72228ee9065d5a"),
    "ma_nhanvien" : "NV03",
    "ten_nhanvien" : "NGo Manh Hai",
    "gioitinh" : "Nam",
    "diachi" : "Tra Cu",
    "sdt" : "0348184194",
    "updated_at" : ISODate("2023-01-18T05:56:39.395+0000"),
    "created_at" : ISODate("2023-01-17T15:41:07.573+0000")
}
{
    "_id" : ObjectId("63c78a3402ede297ae0a798b"),
    "ma_nhanvien" : "NV04",
    "ten_nhanvien" : "Le Duc Hai",
    "gioitinh" : "Nam",
    "diachi" : "Chau Thanh",
    "sdt" : "0618419471",
    "updated_at" : ISODate("2023-01-18T06:06:46.212+0000"),
    "created_at" : ISODate("2023-01-18T05:57:08.325+0000")
}
